# {"t_start": 1547089674.0131524, "env_id": "BreakoutNoFrameskip-v4"} 
r,l,t2.0,198,4.940406
2.0,198,5.885334
