# {"t_start": 1547089674.4945023, "env_id": "BreakoutNoFrameskip-v4"} 
r,l,t2.0,198,4.763016
2.0,198,5.708201
