# {"t_start": 1547089674.9776025, "env_id": "BreakoutNoFrameskip-v4"} 
r,l,t
2.0,198,4.866823
2.0,198,5.811867
