# {"t_start": 1547089675.4608428, "env_id": "BreakoutNoFrameskip-v4"} 
r,l,t2.0,198,4.762954
2.0,198,5.708292
