# {"t_start": 1547089675.9421506, "env_id": "BreakoutNoFrameskip-v4"} 
r,l,t2.0,198,4.659173
2.0,198,5.604597
