# {"t_start": 1547089676.4233387, "env_id": "BreakoutNoFrameskip-v4"} 
r,l,t
2.0,198,4.783014
2.0,198,5.728012
