# {"t_start": 1547089676.9062347, "env_id": "BreakoutNoFrameskip-v4"} 
r,l,t2.0,198,4.600188
2.0,198,5.545305
