# {"t_start": 1547089677.3873122, "env_id": "BreakoutNoFrameskip-v4"} 
r,l,t2.0,198,4.552338
2.0,198,5.497716
